,loss,learning_rate,epoch,step,train_runtime,train_samples_per_second,train_steps_per_second,total_flos,train_loss
0,10.8594,9.765625e-08,0.04,1,,,,,
1,10.1996,4.8828125e-06,2.13,50,,,,,
2,9.4173,9.765625e-06,4.26,100,,,,,
3,9.2652,1.4648437500000001e-05,6.38,150,,,,,
4,,,7.83,184,1470.306,16.323,0.125,2329093099782144.0,9.537173685820207
